{
    "accuracy": 0.24702380952380953,
    "loss": 7.396881554807935
}