{
    "accuracy": 0.5133928571428571,
    "loss": 1.759080218417304
}