{
    "accuracy": 0.8586309523809524,
    "loss": 0.8769997613770621
}