{
    "accuracy": 0.8779761904761905,
    "loss": 0.8899199622017997
}