{
    "accuracy": 0.8958333333333334,
    "loss": 0.3892400562763214
}