{
    "accuracy": 0.8839285714285714,
    "loss": 0.39369532678808483
}