{
    "accuracy": 0.8571428571428571,
    "loss": 0.4804243950971535
}