{
    "accuracy": 0.7008928571428571,
    "loss": 0.838620092187609
}