{
    "accuracy": 0.9017857142857143,
    "loss": 0.40742948225566317
}