{
    "accuracy": 0.90625,
    "loss": 0.4937371185847691
}